name,embryo,instance_nb,typical
Ralph_t003,Ralph,64.0,69.32946726991942
Eudes_t027,Eudes,118.0,47.953180212394926
Emilie_t121,Emilie,212.0,42.362242654323516
Ines_t009,Ines,64.0,57.12789452159371
Alexandre_t014,Alexandre,61.0,45.26223071195946
Carl_t059,Carl,171.0,37.03896946187999
Gildas_t018,Gildas,64.0,54.411817900359665
Ralph_t053,Ralph,215.0,46.243090635697044
Eudes_t044,Eudes,205.0,39.30638094815595
Carl_t073,Carl,210.0,32.126484826352666
Gedeon_t103,Gedeon,75.0,58.33123543277492
Eudes_t039,Eudes,133.0,44.70047621948079
Gedeon_t164,Gedeon,244.0,41.96821383838158
Eminie_t038,Eminie,130.0,33.72448917335532
Nestor_t060,Nestor,190.0,31.123402885502582
Adriana_t054,Adriana,215.0,30.91541998379491
Louise_t041,Louise,114.0,53.79973864367138
Carl_t012,Carl,63.0,50.38571677808262
Anastasia_t085,Anastasia,167.0,43.14363415907338
Ralph_t036,Ralph,180.0,48.35406369823896
Ines_t040,Ines,132.0,40.130888776984705
Stanislas_t028,Stanislas,35.0,64.67801004077168
Anastasia_t046,Anastasia,68.0,65.81447383847453
Emilie_t079,Emilie,111.0,54.72150412344567
Come-Nodal_t057,Come-Nodal,210.0,42.77332301676617
Pascal_t034,Pascal,63.0,52.11663471206971
Carl_t037,Carl,109.0,44.68288672327578
Gedeon_t122,Gedeon,131.0,51.01502752071377
Louise_t028,Louise,75.0,64.74899229486448
Eminie_t077,Eminie,214.0,38.10402098208822
Gedeon_t067,Gedeon,39.0,72.2453640366074
Samson_t068,Samson,290.0,25.585838436328274
Alexandre_t047,Alexandre,112.0,35.45736651244801
Emilie_t031,Emilie,36.0,45.12110229551062
Samson_t020,Samson,110.0,40.906954037130106
Carl_t078,Carl,213.0,32.284298218563876
Stanislas_t120,Stanislas,228.0,42.92263378904099
Eminie_t024,Eminie,104.0,36.61525448013754
Louise_t064,Louise,184.0,43.877767605445705
Eminie_t064,Eminie,197.0,29.613117791953947
Come-Nodal_t065,Come-Nodal,220.0,40.91958817469399
Louise_t030,Louise,76.0,64.25792780420234
Ines_t041,Ines,135.0,39.82556518986735
Carl_t058,Carl,168.0,33.79326085879153
Eminie_t010,Eminie,93.0,34.944391334091584
Adriana_t008,Adriana,97.0,40.39376232390902
Eudes_t023,Eudes,115.0,48.87266539191011
Nestor_t056,Nestor,187.0,31.25609474225094
Gildas_t045,Gildas,112.0,52.243845516701114
Ralph_t046,Ralph,209.0,46.5753248002301
Louise_t032,Louise,82.0,61.3213273938233
Emilie_t138,Emilie,271.0,38.143383800451204
Ralph_t023,Ralph,112.0,53.69732882196502
Eudes_t037,Eudes,131.0,44.01119490526978
Emilie_t124,Emilie,219.0,42.10317006604341
Ralph_t061,Ralph,278.0,42.92100331907678
Emilie_t120,Emilie,210.0,42.22834456625921
Stanislas_t095,Stanislas,184.0,41.57934082068688
Stanislas_t025,Stanislas,33.0,67.18649513660225
Eminie_t072,Eminie,207.0,29.604235215426726
Come-Nodal_t007,Come-Nodal,66.0,40.46487294369356
Emilie_t116,Emilie,204.0,42.55838683577446
Ines_t071,Ines,237.0,43.69850025996882
Nestor_t041,Nestor,120.0,38.71756357669851
Emilie_t012,Emilie,22.0,67.46119040312769
Eudes_t031,Eudes,121.0,46.83669455752237
Emilie_t082,Emilie,116.0,54.40973559140383
Nestor_t079,Nestor,230.0,28.933042295444263
Eminie_t044,Eminie,128.0,34.34032897674173
Adriana_t058,Adriana,225.0,30.205646809847938
Samson_t059,Samson,218.0,29.21886427231469
Stanislas_t054,Stanislas,72.0,50.67700177115271
Eminie_t084,Eminie,217.0,38.198297379765755
Gedeon_t080,Gedeon,56.0,68.66844522138275
Gedeon_t097,Gedeon,63.0,63.09551420723271
Carl_t010,Carl,59.0,50.89341462249695
Emilie_t136,Emilie,260.0,38.731308292524126
Marius_t015,Marius,64.0,50.92180582949696
Evan_t041,Evan,89.0,38.69043245606599
Stanislas_t064,Stanislas,110.0,43.85493126327974
Eminie_t023,Eminie,106.0,36.117795867046354
Stanislas_t026,Stanislas,33.0,66.38310746590507
Adriana_t019,Adriana,113.0,38.764159733610185
Ines_t036,Ines,123.0,41.3918877175396
Nestor_t026,Nestor,106.0,37.8822603920586
Emilie_t067,Emilie,92.0,54.13149632347048
Anastasia_t084,Anastasia,157.0,44.184248865338034
Samson_t069,Samson,296.0,25.357162991015667
Carl_t013,Carl,63.0,50.5515049343055
Adriana_t016,Adriana,112.0,39.03414912289569
Evan_t034,Evan,68.0,41.648573493576514
Ralph_t004,Ralph,64.0,69.98827683994202
Nestor_t004,Nestor,64.0,58.565224304389965
Ines_t005,Ines,64.0,57.55476926028891
Eminie_t057,Eminie,140.0,43.04817029745727
Stanislas_t107,Stanislas,213.0,41.97393927550669
Samson_t044,Samson,186.0,30.04041731223246
Pascal_t037,Pascal,78.0,50.05685270701891
Patrick_t078,Patrick,218.0,42.731918031309554
Nestor_t080,Nestor,244.0,28.29794656907575
Patrick_t037,Patrick,113.0,49.26142903038801
Gedeon_t068,Gedeon,39.0,71.59104715171719
Carl_t016,Carl,64.0,49.98819562841892
Stanislas_t055,Stanislas,75.0,49.43872939221108
Anastasia_t082,Anastasia,147.0,45.53394054069645
Stanislas_t029,Stanislas,38.0,64.70100268505486
Nestor_t045,Nestor,127.0,37.913214303250555
Patrick_t049,Patrick,147.0,46.01319524502651
Gildas_t062,Gildas,183.0,33.32125175449521
Gildas_t065,Gildas,190.0,45.35061834448221
Ninho_t033,Ninho,96.0,52.460668706026574
Louise_t047,Louise,117.0,51.80972723912716
Patrick_t027,Patrick,112.0,50.799749965882924
Emilie_t140,Emilie,290.0,37.228162890866535
Marius_t053,Marius,181.0,33.305405600757005
Marius_t070,Marius,215.0,32.345195571268235
Gedeon_t075,Gedeon,48.0,69.85164061067928
Adriana_t001,Adriana,72.0,64.91491490744981
Ines_t031,Ines,117.0,42.08703342949117
Eudes_t049,Eudes,218.0,42.73411508964697
Eminie_t012,Eminie,99.0,34.175730896661435
Louise_t068,Louise,234.0,41.189565466374525
Nestor_t065,Nestor,207.0,30.347859744655096
Gedeon_t104,Gedeon,82.0,55.676775098114746
Eminie_t052,Eminie,128.0,34.21972484213806
Eudes_t035,Eudes,131.0,49.92145944082973
Ralph_t007,Ralph,72.0,65.1740300102152
Evan_t005,Evan,17.0,62.89210692679888
Anastasia_t077,Anastasia,132.0,47.3172915019295
Carl_t019,Carl,64.0,49.50162098154782
Eminie_t055,Eminie,136.0,33.319838897279034
Marius_t046,Marius,125.0,37.698939725897255
Gildas_t023,Gildas,66.0,52.21477443443402
Gedeon_t155,Gedeon,226.0,41.58208994278666
Pascal_t043,Pascal,99.0,45.793662119949346
Evan_t025,Evan,52.0,45.64692533512134
Come-Nodal_t067,Come-Nodal,227.0,39.998042140714325
Carl_t079,Carl,213.0,38.07419439014436
Patrick_t086,Patrick,238.0,40.69035852452083
Gildas_t056,Gildas,150.0,47.79397826289966
Marius_t017,Marius,64.0,50.21236131532465
Stanislas_t050,Stanislas,64.0,56.84974553787299
Emilie_t090,Emilie,124.0,53.62186486109266
Gedeon_t083,Gedeon,61.0,67.56616613392663
Come-Nodal_t030,Come-Nodal,118.0,32.85220487895836
Pascal_t033,Pascal,54.0,51.17160566879761
Emilie_t023,Emilie,32.0,64.5947991254478
Evan_t014,Evan,36.0,50.90923978518894
Louise_t013,Louise,51.0,71.77294536848265
Carl_t035,Carl,104.0,45.39520764563561
Eudes_t040,Eudes,144.0,42.499773747067835
Adriana_t011,Adriana,110.0,39.03909491839461
Carl_t067,Carl,192.0,32.69001391573804
Gedeon_t074,Gedeon,44.0,71.25508241113128
Louise_t023,Louise,73.0,65.98672564424034
Gildas_t050,Gildas,117.0,51.41447420746011
Anastasia_t088,Anastasia,185.0,41.32662650249759
Carl_t051,Carl,117.0,42.34410215628015
Adriana_t005,Adriana,76.0,65.25380156444398
Samson_t056,Samson,216.0,29.282722218180147
Marius_t038,Marius,111.0,39.39894654781309
Ines_t007,Ines,64.0,57.302709775655465
Evan_t033,Evan,65.0,41.60518364214423
Eminie_t001,Eminie,40.0,49.530858035672814
Anastasia_t071,Anastasia,117.0,51.425290499410565
Nestor_t003,Nestor,63.0,58.89569413795792
Come-Nodal_t005,Come-Nodal,65.0,41.77397564958637
Alexandre_t055,Alexandre,161.0,31.414709681688127
Marius_t039,Marius,111.0,39.29628010565245
Marius_t011,Marius,64.0,51.25990168025247
Evan_t028,Evan,57.0,44.65647704409575
Eudes_t048,Eudes,216.0,43.228903369619545
Gildas_t021,Gildas,64.0,54.096694742303484
Gildas_t022,Gildas,65.0,53.35274395783897
Stanislas_t077,Stanislas,116.0,43.33933033514681
Stanislas_t041,Stanislas,64.0,55.46151396614416
Patrick_t010,Patrick,64.0,67.4379045368618
Eminie_t020,Eminie,102.0,35.96530298679107
Gildas_t081,Gildas,217.0,44.810308301651084
Ines_t069,Ines,232.0,43.964550089509636
Patrick_t002,Patrick,64.0,67.63564040607437
Come-Nodal_t038,Come-Nodal,167.0,45.13698678675569
Samson_t018,Samson,93.0,38.01341427350681
Stanislas_t024,Stanislas,33.0,68.57703699502639
Gildas_t035,Gildas,109.0,52.88349139794753
Emilie_t081,Emilie,114.0,54.71047666508076
Adriana_t024,Adriana,116.0,37.62591146721489
Gedeon_t179,Gedeon,249.0,42.04429470592399
Stanislas_t080,Stanislas,116.0,42.66246305621476
Stanislas_t078,Stanislas,116.0,43.18614469690911
Come-Nodal_t006,Come-Nodal,66.0,41.30431959859344
Eudes_t019,Eudes,96.0,51.69131497547405
Eminie_t049,Eminie,125.0,34.411114041828604
Anastasia_t042,Anastasia,65.0,65.6136716761971
Gildas_t025,Gildas,72.0,48.499238326236906
Patrick_t074,Patrick,215.0,42.674869408917566
Ralph_t043,Ralph,196.0,47.170690113732064
Adriana_t003,Adriana,75.0,66.895007506665
Gildas_t088,Gildas,257.0,29.15622123960458
Alexandre_t076,Alexandre,213.0,28.998912623698388
Emilie_t113,Emilie,199.0,43.12422672972045
Alexandre_t053,Alexandre,141.0,33.203817475522406
Patrick_t012,Patrick,72.0,62.508723505758375
Gildas_t074,Gildas,213.0,44.97154382290944
Samson_t014,Samson,76.0,41.0065730061588
Evan_t029,Evan,57.0,44.24083177793173
Eminie_t041,Eminie,134.0,33.40247928763553
Marius_t060,Marius,197.0,32.85495332775209
Gedeon_t123,Gedeon,133.0,50.722001070196875
Louise_t043,Louise,115.0,53.26592348781437
Emilie_t080,Emilie,113.0,54.746113320933674
Patrick_t081,Patrick,218.0,43.15603907649324
Louise_t007,Louise,40.0,78.13191704260764
Stanislas_t006,Stanislas,18.0,79.75685054682731
Gildas_t016,Gildas,64.0,54.1257715574267
Adriana_t029,Adriana,129.0,36.51060987317627
Ines_t056,Ines,207.0,35.32238829329655
Nestor_t015,Nestor,72.0,44.696496123947604
Emilie_t046,Emilie,60.0,50.610381856037044
Stanislas_t125,Stanislas,278.0,38.99824567103793
Alexandre_t083,Alexandre,257.0,27.054904056966905
Marius_t028,Marius,107.0,40.45665724358843
Emilie_t056,Emilie,64.0,66.15833081958294
Eudes_t059,Eudes,259.0,42.43190188152923
Gildas_t042,Gildas,111.0,39.44257890184081
Nestor_t047,Nestor,141.0,37.326786913412874
Come-Nodal_t020,Come-Nodal,112.0,29.859546537476326
Gedeon_t156,Gedeon,228.0,41.60770445746577
Emilie_t038,Emilie,52.0,48.66351997753783
Patrick_t069,Patrick,209.0,42.77105198508371
Eminie_t087,Eminie,221.0,37.754045047571644
Samson_t008,Samson,64.0,44.86433747604662
Gedeon_t117,Gedeon,111.0,55.29449059515818
Adriana_t021,Adriana,115.0,38.07813323011121
Ralph_t029,Ralph,124.0,54.17617636738573
Marius_t069,Marius,214.0,32.5029639167841
Adriana_t022,Adriana,116.0,37.695707264115605
Stanislas_t044,Stanislas,64.0,57.14136488149164
Evan_t018,Evan,39.0,50.020772350820586
Patrick_t087,Patrick,249.0,40.128789300000086
Gildas_t044,Gildas,111.0,52.644856455929244
Stanislas_t073,Stanislas,111.0,44.78788625580384
Patrick_t079,Patrick,218.0,43.05757405940643
Emilie_t085,Emilie,118.0,55.204086011680744
Nestor_t083,Nestor,272.0,27.373041572026978
Nestor_t018,Nestor,76.0,43.001172319912314
Emilie_t072,Emilie,105.0,52.67264213878726
Emilie_t109,Emilie,188.0,43.963190283656196
Ines_t061,Ines,221.0,34.39968971134201
Marius_t050,Marius,159.0,34.966132601317945
Anastasia_t048,Anastasia,74.0,61.724247749324455
Ines_t026,Ines,114.0,42.55863447724426
Stanislas_t115,Stanislas,215.0,40.654260992185655
Come-Nodal_t061,Come-Nodal,216.0,42.160318174504305
Evan_t032,Evan,62.0,42.599653538134845
Marius_t013,Marius,64.0,51.30153327939155
Alexandre_t001,Alexandre,42.0,49.59221142157222
Emilie_t127,Emilie,224.0,41.83545378056788
Pascal_t047,Pascal,120.0,43.34096606837181
Come-Nodal_t054,Come-Nodal,205.0,42.99700747248714
Patrick_t001,Patrick,64.0,67.30615822517339
Emilie_t117,Emilie,204.0,42.62312377598762
Gedeon_t189,Gedeon,287.0,38.91915144636819
Marius_t071,Marius,215.0,32.588814060370574
Emilie_t009,Emilie,17.0,74.46154398204555
Stanislas_t123,Stanislas,259.0,40.08131981250336
Gedeon_t143,Gedeon,157.0,45.71424073120649
Samson_t040,Samson,172.0,30.568013526695214
Stanislas_t087,Stanislas,160.0,34.93450490249815
Nestor_t024,Nestor,89.0,39.979356357265324
Gildas_t010,Gildas,58.0,69.32183904948188
Evan_t036,Evan,78.0,40.53310509524994
Come-Nodal_t078,Come-Nodal,298.0,36.28201037819806
Louise_t055,Louise,127.0,50.08874227364524
Alexandre_t066,Alexandre,201.0,29.531475344093348
Marius_t047,Marius,128.0,37.36174112991552
Marius_t007,Marius,64.0,50.908230953062784
Eudes_t043,Eudes,196.0,39.37003273005703
Carl_t027,Carl,74.0,45.09845297764062
Stanislas_t047,Stanislas,64.0,57.10227760060633
Adriana_t007,Adriana,82.0,43.13516485681785
Gildas_t005,Gildas,44.0,71.7028583801699
Alexandre_t017,Alexandre,62.0,45.06070961390115
Carl_t045,Carl,112.0,42.72576473081939
Come-Nodal_t072,Come-Nodal,255.0,38.802743027820796
Emilie_t066,Emilie,88.0,55.61123405607112
Carl_t033,Carl,97.0,41.938951366145425
Stanislas_t007,Stanislas,21.0,69.38257882430369
Stanislas_t053,Stanislas,70.0,51.34293124866344
Patrick_t082,Patrick,219.0,42.96539301000239
Eminie_t071,Eminie,203.0,38.90513655468719
Evan_t009,Evan,24.0,56.665128352876344
Stanislas_t127,Stanislas,298.0,31.368914380373514
Ines_t062,Ines,224.0,34.4267539953024
Emilie_t103,Emilie,170.0,45.24097188543537
Eudes_t029,Eudes,119.0,47.18531357052452
Alexandre_t030,Alexandre,88.0,39.623923341055296
Gedeon_t187,Gedeon,286.0,38.802402404505024
Anastasia_t069,Anastasia,116.0,51.38998618947859
Eudes_t016,Eudes,78.0,55.28794550189811
Gildas_t077,Gildas,216.0,45.10117671792056
Ines_t030,Ines,116.0,42.331649109472664
Carl_t014,Carl,64.0,50.25701876514104
Anastasia_t036,Anastasia,65.0,64.47528773939521
Samson_t028,Samson,112.0,35.13672462372541
Evan_t011,Evan,24.0,58.763345154783046
Alexandre_t024,Alexandre,71.0,42.240797580759995
Ines_t052,Ines,205.0,35.40549812293302
Samson_t005,Samson,64.0,44.76495414571396
Gedeon_t120,Gedeon,117.0,54.22241443609969
Eudes_t021,Eudes,110.0,48.65831223142081
Gedeon_t177,Gedeon,241.0,42.43889169300191
Carl_t070,Carl,200.0,32.48553358030277
Gildas_t082,Gildas,217.0,44.517379783504
Evan_t038,Evan,83.0,39.85507826719922
Gedeon_t172,Gedeon,245.0,42.0708117882183
Eminie_t007,Eminie,76.0,36.87462696963926
Eudes_t046,Eudes,214.0,43.66525021036257
Stanislas_t020,Stanislas,32.0,73.61954388974766
Ines_t027,Ines,115.0,42.55662324614145
Eudes_t001,Eudes,62.0,64.56614563469473
Carl_t066,Carl,188.0,32.896273120117364
Adriana_t020,Adriana,114.0,38.42082731774879
Anastasia_t065,Anastasia,112.0,50.886505155379574
Samson_t009,Samson,68.0,43.714835873923676
Samson_t066,Samson,245.0,27.29795348332556
Ninho_t031,Ninho,84.0,57.6532416390594
Carl_t026,Carl,74.0,45.34339444340255
Stanislas_t110,Stanislas,213.0,41.35165910575199
Marius_t029,Marius,110.0,40.01463095571298
Marius_t065,Marius,210.0,32.47706628619673
Ines_t034,Ines,119.0,41.881866487010974
Marius_t032,Marius,111.0,39.86301451423755
Carl_t007,Carl,49.0,53.46179421964846
Emilie_t036,Emilie,46.0,41.33988911102382
Anastasia_t078,Anastasia,134.0,47.382899356513484
Gildas_t006,Gildas,46.0,70.86022714842463
Louise_t065,Louise,205.0,42.209494918848065
Gedeon_t119,Gedeon,115.0,54.484566933304585
Patrick_t061,Patrick,192.0,44.0207621078708
Eminie_t013,Eminie,99.0,35.48779793002528
Come-Nodal_t050,Come-Nodal,194.0,43.631625231684076
Alexandre_t023,Alexandre,70.0,42.68018220053829
Alexandre_t021,Alexandre,67.0,43.51239448121016
Come-Nodal_t027,Come-Nodal,112.0,32.913544504276885
Gedeon_t126,Gedeon,132.0,51.23307354353493
Eminie_t046,Eminie,132.0,33.4710102049021
Carl_t053,Carl,120.0,41.65257977352981
Adriana_t050,Adriana,214.0,31.03361051059898
Gedeon_t110,Gedeon,100.0,54.11231737320577
Ninho_t034,Ninho,102.0,50.866079772219386
Eudes_t024,Eudes,116.0,48.63536080922053
Patrick_t024,Patrick,106.0,51.0006927100962
Ralph_t031,Ralph,131.0,55.29114691746888
Patrick_t089,Patrick,270.0,38.14073250858384
Gedeon_t109,Gedeon,98.0,53.94141450545827
Emilie_t055,Emilie,64.0,66.53709630365071
Samson_t054,Samson,215.0,29.15856075872943
Ines_t073,Ines,244.0,43.472921328373054
Marius_t036,Marius,111.0,39.67209852199818
Gildas_t071,Gildas,210.0,32.520072224758216
Come-Nodal_t044,Come-Nodal,176.0,27.456826205701148
Eudes_t053,Eudes,231.0,43.86252466349942
Alexandre_t022,Alexandre,69.0,42.928384418703324
Alexandre_t065,Alexandre,200.0,29.51196909512141
Adriana_t039,Adriana,189.0,31.917906469019275
Adriana_t026,Adriana,116.0,37.372304181632344
Gedeon_t186,Gedeon,278.0,39.90055959289972
Ines_t075,Ines,267.0,41.60316379241965
Patrick_t088,Patrick,262.0,39.059354779888324
Nestor_t071,Nestor,214.0,30.118828196198304
Emilie_t137,Emilie,262.0,38.606676855971834
Nestor_t063,Nestor,204.0,30.377882433857305
Gedeon_t133,Gedeon,131.0,51.08121093238579
Come-Nodal_t063,Come-Nodal,218.0,41.556950012634424
Carl_t025,Carl,71.0,46.2867084037322
Ralph_t044,Ralph,201.0,46.65991019754129
Ines_t001,Ines,47.0,62.25747664055371
Stanislas_t079,Stanislas,116.0,42.7464571243342
Ines_t006,Ines,64.0,50.86962946141815
Gildas_t064,Gildas,187.0,45.12231846612884
Eminie_t045,Eminie,131.0,44.602277653901005
Come-Nodal_t042,Come-Nodal,175.0,43.97352182044465
Emilie_t005,Emilie,16.0,77.95722439290074
Eudes_t052,Eudes,229.0,42.370408504641986
Ninho_t021,Ninho,67.0,64.07331548671853
Nestor_t012,Nestor,65.0,47.2433980894635
Emilie_t029,Emilie,32.0,63.2288152715296
Nestor_t039,Nestor,119.0,38.957750508976886
Stanislas_t017,Stanislas,32.0,70.90277466848829
Gedeon_t158,Gedeon,230.0,41.508542756892005
Ninho_t010,Ninho,43.0,73.89743814073157
Evan_t003,Evan,17.0,63.03068589635606
Eminie_t070,Eminie,201.0,29.650897578232417
Eminie_t086,Eminie,222.0,37.92342296507413
Marius_t014,Marius,64.0,51.192193064195685
Evan_t002,Evan,17.0,63.10862731653142
Stanislas_t040,Stanislas,63.0,55.71946055636814
Anastasia_t066,Anastasia,114.0,51.19840842305321
Eudes_t026,Eudes,117.0,48.24656411769647
Louise_t009,Louise,43.0,78.00605133781308
Evan_t021,Evan,41.0,48.95963851182644
Patrick_t025,Patrick,112.0,49.93424612230568
Samson_t007,Samson,64.0,44.82502324842833
Come-Nodal_t068,Come-Nodal,232.0,39.70771998594792
Emilie_t054,Emilie,63.0,49.01713777208904
Alexandre_t046,Alexandre,112.0,35.448602271525424
Stanislas_t016,Stanislas,32.0,68.62391990166822
Anastasia_t043,Anastasia,65.0,65.68090872177575
Louise_t063,Louise,169.0,44.58623687817025
Stanislas_t038,Stanislas,61.0,54.63432196520261
Samson_t023,Samson,112.0,40.38411302767273
Patrick_t017,Patrick,76.0,56.768334915798874
Gedeon_t081,Gedeon,58.0,68.49611192171676
Evan_t031,Evan,59.0,43.74818161186777
Louise_t010,Louise,49.0,72.45099567083882
Stanislas_t021,Stanislas,32.0,72.36971048384669
Samson_t024,Samson,112.0,40.377658016341194
Ralph_t060,Ralph,260.0,42.469849368113444
Come-Nodal_t047,Come-Nodal,188.0,43.05537976922864
Adriana_t018,Adriana,112.0,38.9813324196727
Anastasia_t080,Anastasia,136.0,47.20172719594369
Alexandre_t034,Alexandre,106.0,37.03301206269993
Come-Nodal_t016,Come-Nodal,108.0,33.315305274375696
Gildas_t048,Gildas,116.0,51.36634970368573
Emilie_t045,Emilie,60.0,50.50348540281054
Evan_t024,Evan,49.0,46.20202231820824
Emilie_t028,Emilie,32.0,64.16933556870356
Emilie_t132,Emilie,249.0,39.663298387894045
Come-Nodal_t066,Come-Nodal,223.0,40.26868387881321
Ninho_t016,Ninho,58.0,62.533132923074945
Alexandre_t026,Alexandre,71.0,42.575023296779044
Evan_t016,Evan,39.0,49.48257000984768
Ralph_t052,Ralph,215.0,46.39776651085901
Gildas_t031,Gildas,85.0,43.89940906359249
Nestor_t016,Nestor,76.0,43.73274181451414
Emilie_t025,Emilie,32.0,64.49918328231354
Louise_t035,Louise,83.0,58.901655107926565
Stanislas_t075,Stanislas,113.0,44.264465566935264
Eudes_t032,Eudes,122.0,46.36169379874097
Marius_t082,Marius,274.0,29.01152285325135
Stanislas_t102,Stanislas,204.0,43.043620156787355
Nestor_t055,Nestor,186.0,31.376306609924615
Patrick_t062,Patrick,196.0,43.697946480336604
Anastasia_t041,Anastasia,65.0,65.39590092481743
Ninho_t012,Ninho,44.0,70.04452520262383
Ralph_t047,Ralph,210.0,46.33201654496004
Nestor_t002,Nestor,63.0,58.3991249964523
Carl_t006,Carl,47.0,53.50541347431148
Anastasia_t032,Anastasia,48.0,68.07642581025254
Anastasia_t025,Anastasia,41.0,78.36344162817146
Emilie_t118,Emilie,205.0,42.34576334752109
Stanislas_t116,Stanislas,216.0,44.09899438053343
Anastasia_t030,Anastasia,47.0,68.45922717309136
Alexandre_t056,Alexandre,170.0,30.73614849997496
Ines_t002,Ines,49.0,62.57434787105167
Gedeon_t165,Gedeon,242.0,42.00133219895344
Come-Nodal_t040,Come-Nodal,173.0,37.91734642492171
Marius_t077,Marius,220.0,31.58004043341321
Louise_t053,Louise,123.0,50.529612841054025
Stanislas_t004,Stanislas,16.0,79.99660068933784
Ralph_t030,Ralph,126.0,55.91736101954889
Carl_t008,Carl,53.0,56.938202482091874
Patrick_t056,Patrick,182.0,43.665271395393276
Carl_t024,Carl,71.0,46.473603403518844
Alexandre_t051,Alexandre,121.0,34.8725239484216
Patrick_t052,Patrick,174.0,43.944527510955645
Eminie_t021,Eminie,99.0,36.20843031105456
Louise_t012,Louise,51.0,71.46252836722566
Gedeon_t166,Gedeon,242.0,42.02156697561451
Stanislas_t126,Stanislas,286.0,37.812180212087796
Ninho_t017,Ninho,60.0,62.196036554436894
Louise_t021,Louise,71.0,65.62854385154645
Come-Nodal_t076,Come-Nodal,282.0,37.39587019994039
Emilie_t076,Emilie,110.0,53.62845404548588
Gedeon_t134,Gedeon,129.0,51.18414133409195
Eminie_t019,Eminie,104.0,35.74227352014364
Gildas_t046,Gildas,112.0,52.010035606884834
Marius_t078,Marius,226.0,31.222143165074996
Anastasia_t072,Anastasia,120.0,50.83206694565709
Ralph_t055,Ralph,215.0,46.199008146814265
Come-Nodal_t048,Come-Nodal,188.0,43.462087489150576
Gildas_t004,Gildas,44.0,71.22227069827477
Ralph_t022,Ralph,112.0,53.89096452356872
Anastasia_t068,Anastasia,115.0,51.419620465931686
Marius_t066,Marius,211.0,32.62539505614587
Emilie_t129,Emilie,232.0,41.28586955632288
Patrick_t057,Patrick,182.0,43.59130616453817
Adriana_t031,Adriana,157.0,33.9660557342433
Adriana_t013,Adriana,112.0,39.06067503456984
Eminie_t094,Eminie,276.0,34.13856081057707
Come-Nodal_t059,Come-Nodal,214.0,42.60765750176549
Ninho_t028,Ninho,77.0,60.98255892066499
Emilie_t032,Emilie,36.0,45.0514571588776
Anastasia_t063,Anastasia,111.0,50.77533975416443
Evan_t010,Evan,24.0,57.3806570853347
Samson_t038,Samson,146.0,39.03564883131344
Anastasia_t035,Anastasia,65.0,64.0337155591019
Patrick_t005,Patrick,64.0,68.50384647394736
Samson_t039,Samson,162.0,31.036682182718312
Marius_t026,Marius,98.0,41.56907672351139
Ines_t022,Ines,78.0,48.164332181633185
Stanislas_t045,Stanislas,64.0,57.56835855194951
Adriana_t055,Adriana,215.0,30.88331307502125
Adriana_t028,Adriana,125.0,36.760425441779205
Gildas_t051,Gildas,121.0,50.86566550475911
Ralph_t050,Ralph,214.0,46.34015492323904
Emilie_t052,Emilie,61.0,50.91748868948426
Eminie_t033,Eminie,105.0,34.481100929483
Pascal_t049,Pascal,146.0,40.98717707460185
Emilie_t062,Emilie,85.0,58.347508457935795
Stanislas_t071,Stanislas,111.0,44.51379796295486
Eudes_t020,Eudes,107.0,49.10147252759366
Gildas_t055,Gildas,143.0,48.552956440154276
Evan_t015,Evan,37.0,50.49962551714612
Carl_t044,Carl,111.0,43.24234588284979
Gedeon_t130,Gedeon,132.0,51.499948768243804
Eminie_t005,Eminie,74.0,36.38844715518869
Stanislas_t048,Stanislas,64.0,56.892176310790205
Eminie_t047,Eminie,132.0,33.34468355648199
Pascal_t039,Pascal,88.0,49.02635284384157
Louise_t045,Louise,116.0,52.79109290513314
Gedeon_t078,Gedeon,52.0,69.56230576145471
Patrick_t041,Patrick,117.0,49.539894234405494
Alexandre_t086,Alexandre,297.0,25.47015225042388
Ines_t048,Ines,188.0,36.11534898432337
Gildas_t030,Gildas,76.0,58.260880979979724
Anastasia_t038,Anastasia,65.0,65.05161557972443
Ines_t004,Ines,63.0,50.8687259275253
Nestor_t014,Nestor,71.0,45.31240765907215
Ines_t015,Ines,68.0,54.17972297886364
Ines_t013,Ines,64.0,56.84627473853559
Ralph_t058,Ralph,230.0,44.685047469584575
Emilie_t039,Emilie,52.0,48.70482884582806
Louise_t022,Louise,73.0,65.55385490539126
Ninho_t009,Ninho,40.0,78.18249051269883
Evan_t035,Evan,75.0,40.804032038013396
Louise_t044,Louise,115.0,53.17496949467644
Patrick_t029,Patrick,112.0,51.08848927022234
Samson_t019,Samson,103.0,42.220359627327994
Eudes_t006,Eudes,64.0,65.36049489401273
Carl_t040,Carl,111.0,43.70624208349241
Carl_t074,Carl,211.0,32.11069525147775
Patrick_t090,Patrick,278.0,37.49990058887371
Gedeon_t147,Gedeon,176.0,44.06933766845021
Carl_t083,Carl,220.0,31.75781852220242
Come-Nodal_t075,Come-Nodal,271.0,38.17566594547831
Anastasia_t059,Anastasia,98.0,52.50256808897022
Gedeon_t111,Gedeon,102.0,53.977493330927835
Eminie_t059,Eminie,157.0,40.90675345074586
Ralph_t021,Ralph,112.0,54.64550886993167
Stanislas_t124,Stanislas,268.0,39.3828083930671
Come-Nodal_t014,Come-Nodal,101.0,34.116124238890386
Patrick_t044,Patrick,120.0,49.33748417074183
Stanislas_t060,Stanislas,80.0,48.34903986194775
Emilie_t008,Emilie,16.0,77.19997503141876
Nestor_t053,Nestor,180.0,31.6745255266857
Stanislas_t082,Stanislas,121.0,41.66579449705715
Adriana_t004,Adriana,76.0,65.5788859684033
Alexandre_t057,Alexandre,173.0,30.71224283759599
Marius_t055,Marius,183.0,33.841048433533494
Nestor_t076,Nestor,216.0,29.777653211921997
Come-Nodal_t017,Come-Nodal,110.0,33.52458277873315
Eminie_t053,Eminie,130.0,34.19010012217516
Stanislas_t112,Stanislas,215.0,41.07740885372936
Eudes_t055,Eudes,242.0,43.63909550689591
Carl_t064,Carl,186.0,32.85481127196363
Ralph_t019,Ralph,112.0,56.33960593714122
Gildas_t036,Gildas,110.0,40.817551432979755
Ines_t072,Ines,239.0,43.86913281372455
Marius_t001,Marius,47.0,55.21556649598546
Stanislas_t061,Stanislas,93.0,45.84452996429923
Emilie_t110,Emilie,191.0,43.951793321153524
Adriana_t056,Adriana,217.0,36.121637107813314
Alexandre_t027,Alexandre,73.0,42.550583153498735
Marius_t067,Marius,214.0,32.44044476521356
Come-Nodal_t064,Come-Nodal,219.0,41.092787967331915
Samson_t022,Samson,112.0,35.701178896446464
Come-Nodal_t045,Come-Nodal,179.0,43.890600458109574
Carl_t069,Carl,196.0,32.55546164390348
Alexandre_t085,Alexandre,289.0,25.75564756102727
Eminie_t029,Eminie,102.0,35.15121670801063
Stanislas_t068,Stanislas,111.0,44.222164455711415
Marius_t004,Marius,62.0,50.99575303337475
Alexandre_t054,Alexandre,153.0,32.076543464659494
Gildas_t084,Gildas,217.0,44.45107543009473
Louise_t058,Louise,134.0,49.055600237277716
Eminie_t043,Eminie,129.0,34.234606879963316
Louise_t046,Louise,116.0,52.20719920540245
Stanislas_t103,Stanislas,205.0,43.882399268668706
Come-Nodal_t035,Come-Nodal,138.0,48.26779523794629
Gedeon_t077,Gedeon,49.0,70.51390242415832
Stanislas_t070,Stanislas,111.0,40.98606920960129
Gedeon_t102,Gedeon,69.0,59.80319145973607
Adriana_t051,Adriana,214.0,31.062837675611245
Anastasia_t060,Anastasia,103.0,51.65248371727243
Alexandre_t006,Alexandre,45.0,49.57190255494202
Gildas_t087,Gildas,243.0,29.900671878437908
Samson_t045,Samson,191.0,29.959549879829247
Patrick_t058,Patrick,182.0,43.96200919827857
Louise_t049,Louise,117.0,52.10234083839511
Ralph_t018,Ralph,112.0,56.70629825537791
Adriana_t036,Adriana,185.0,32.06545938996246
Ines_t028,Ines,116.0,42.55708242824105
Pascal_t048,Pascal,130.0,42.125933969553074
Marius_t023,Marius,76.0,44.947090487721766
Samson_t035,Samson,121.0,39.59935466301764
Alexandre_t033,Alexandre,98.0,38.366785489682975
Alexandre_t028,Alexandre,77.0,42.028539992426815
Anastasia_t027,Anastasia,42.0,73.8936670188058
Patrick_t042,Patrick,117.0,49.768898507537145
Emilie_t018,Emilie,32.0,61.795724788137534
Ralph_t041,Ralph,187.0,47.846836851139244
Emilie_t083,Emilie,116.0,54.718388341103285
Marius_t072,Marius,215.0,32.36060538274826
Come-Nodal_t041,Come-Nodal,173.0,27.759891671820956
Emilie_t015,Emilie,29.0,62.18044664223944
Ines_t054,Ines,206.0,35.33816628051968
Stanislas_t027,Stanislas,35.0,65.56204494043567
Eminie_t079,Eminie,215.0,38.1434983670276
Come-Nodal_t001,Come-Nodal,65.0,35.843906149704
Ninho_t027,Ninho,75.0,61.53872178196951
Patrick_t063,Patrick,197.0,43.8398593541725
Come-Nodal_t028,Come-Nodal,114.0,44.38426006845542
Ralph_t059,Ralph,242.0,43.564712951289565
Gedeon_t135,Gedeon,131.0,50.59590401730337
Marius_t003,Marius,60.0,51.13759316191456
Eminie_t092,Eminie,269.0,34.92372862202921
Eminie_t003,Eminie,56.0,41.937257329759
Eminie_t085,Eminie,220.0,37.69531283585817
Eminie_t048,Eminie,126.0,34.53297572579001
Anastasia_t057,Anastasia,87.0,54.71987098503483
Nestor_t010,Nestor,64.0,57.308051217069746
Marius_t058,Marius,189.0,33.3688682313856
Eminie_t062,Eminie,181.0,30.688360369892614
Louise_t036,Louise,83.0,58.941223452075484
Stanislas_t056,Stanislas,75.0,49.192802215236554
Marius_t027,Marius,105.0,40.585631895369104
Adriana_t034,Adriana,180.0,32.28851572852568
Carl_t068,Carl,195.0,32.45882197094984
Louise_t070,Louise,246.0,41.29481111723745
Samson_t025,Samson,112.0,35.50151939925614
Samson_t030,Samson,114.0,39.46208151774637
Gedeon_t145,Gedeon,168.0,44.22718629517532
Patrick_t028,Patrick,112.0,50.784708938537555
Gedeon_t094,Gedeon,62.0,65.840706464973
Patrick_t073,Patrick,214.0,42.52999692769061
Alexandre_t005,Alexandre,45.0,48.79965437799278
Marius_t073,Marius,215.0,32.39918124089198
Adriana_t053,Adriana,216.0,30.912618858344743
Marius_t048,Marius,130.0,37.36481183027689
Louise_t018,Louise,65.0,66.43774169038424
Anastasia_t081,Anastasia,141.0,46.36986802029034
Ralph_t026,Ralph,116.0,53.10484387140029
Ninho_t014,Ninho,48.0,68.23176842616249
Emilie_t013,Emilie,26.0,62.35522543845643
Emilie_t026,Emilie,32.0,64.00735436805607
Stanislas_t067,Stanislas,111.0,44.09451543733017
Emilie_t101,Emilie,165.0,45.53186703808379
Louise_t014,Louise,51.0,70.41531786044914
Stanislas_t108,Stanislas,213.0,42.26196349109954
Emilie_t057,Emilie,71.0,63.55904416011273
Samson_t061,Samson,218.0,29.036978730920723
Carl_t005,Carl,46.0,53.40743928326321
Anastasia_t029,Anastasia,47.0,68.96185489127939
Stanislas_t100,Stanislas,200.0,42.00483405693949
Samson_t037,Samson,137.0,32.62393752045334
Louise_t040,Louise,114.0,52.54356064805518
Patrick_t060,Patrick,189.0,44.054893858675065
Alexandre_t044,Alexandre,111.0,35.68808304416088
Stanislas_t059,Stanislas,76.0,48.740879145508565
Adriana_t062,Adriana,291.0,27.001786072566013
Gedeon_t173,Gedeon,244.0,42.029744203708
Gildas_t041,Gildas,111.0,39.40252220887077
Gedeon_t185,Gedeon,274.0,40.17062526521852
Patrick_t059,Patrick,187.0,43.84976601397423
Gedeon_t141,Gedeon,154.0,46.9970372599011
Eminie_t063,Eminie,190.0,39.15203586911412
Alexandre_t003,Alexandre,43.0,48.35642365968644
Marius_t020,Marius,74.0,46.104950423602055
Anastasia_t089,Anastasia,190.0,40.742685682785584
Stanislas_t008,Stanislas,21.0,69.54453670849162
Gildas_t053,Gildas,124.0,50.42906128632823
Ines_t045,Ines,143.0,48.636160260462894
Ralph_t014,Ralph,103.0,57.620866045262495
Emilie_t094,Emilie,138.0,49.54216454482109
Patrick_t046,Patrick,123.0,48.784480288688556
Adriana_t043,Adriana,199.0,31.639036237551057
Patrick_t077,Patrick,218.0,42.68087607251748
Patrick_t067,Patrick,205.0,42.946920257053876
Louise_t069,Louise,242.0,41.237241328306744
Gildas_t034,Gildas,109.0,52.906588251493254
Marius_t052,Marius,177.0,33.50007293672424
Nestor_t040,Nestor,119.0,38.86058785173758
Gedeon_t092,Gedeon,62.0,67.33601813400577
Marius_t037,Marius,111.0,39.46204302147521
Emilie_t030,Emilie,33.0,62.21454198228698
Eudes_t050,Eudes,220.0,42.686593501518914
Emilie_t135,Emilie,257.0,38.78501278911551
Samson_t043,Samson,183.0,30.076593283728517
Samson_t051,Samson,206.0,29.511372422465268
Eminie_t034,Eminie,112.0,33.85861423139456
Ines_t050,Ines,197.0,35.869498630538786
Anastasia_t064,Anastasia,111.0,50.657198023403495
Nestor_t077,Nestor,221.0,29.46681933386449
Ines_t011,Ines,64.0,39.74611473290473
Anastasia_t076,Anastasia,131.0,47.622232293489404
Gildas_t013,Gildas,62.0,55.115675220448615
Carl_t039,Carl,110.0,43.9431342323101
Samson_t060,Samson,218.0,29.123562414039714
Carl_t061,Carl,182.0,32.93829150253173
Carl_t021,Carl,64.0,49.22101132866501
Carl_t049,Carl,115.0,42.457703035495655
Evan_t022,Evan,41.0,48.588719808274305
Emilie_t059,Emilie,77.0,60.62442048848521
Stanislas_t104,Stanislas,207.0,42.39442855239646
Come-Nodal_t024,Come-Nodal,112.0,43.83617305001106
Anastasia_t033,Anastasia,53.0,66.79534438037517
Eminie_t065,Eminie,197.0,29.67227639192395
Ralph_t006,Ralph,69.0,66.99354646966665
Gedeon_t096,Gedeon,63.0,63.98937112544274
Evan_t007,Evan,21.0,60.97073292425377
Marius_t018,Marius,69.0,48.239878255661104
Emilie_t088,Emilie,123.0,53.69183385385709
Carl_t036,Carl,107.0,44.59835282983961
Eminie_t006,Eminie,77.0,36.140724370537804
Ninho_t013,Ninho,44.0,70.69265592063921
Anastasia_t075,Anastasia,130.0,48.257123852122405
Ninho_t029,Ninho,78.0,60.79979000838344
Patrick_t080,Patrick,218.0,43.047149276280315
Patrick_t055,Patrick,182.0,43.590839135513136
Evan_t000,Evan,17.0,62.838754732052635
Carl_t080,Carl,214.0,32.1950008501933
Eudes_t012,Eudes,69.0,59.10744530095591
Gedeon_t180,Gedeon,250.0,42.36193392396729
Carl_t072,Carl,204.0,32.38875982179659
Stanislas_t096,Stanislas,184.0,41.21821003451284
Gedeon_t157,Gedeon,227.0,41.75023380112984
Emilie_t064,Emilie,88.0,56.417283091598684
Alexandre_t040,Alexandre,110.0,36.151669237156945
Ines_t038,Ines,130.0,40.35322099405944
Nestor_t036,Nestor,113.0,39.955106284175706
Stanislas_t066,Stanislas,110.0,43.99436625870172
Come-Nodal_t056,Come-Nodal,209.0,42.85352762340633
Samson_t046,Samson,192.0,29.849397318921877
Gildas_t061,Gildas,181.0,45.4055637354957
Marius_t025,Marius,83.0,44.143723439253215
Anastasia_t062,Anastasia,111.0,50.60722984211417
Eminie_t095,Eminie,283.0,34.21497410273747
Emilie_t042,Emilie,56.0,48.33454838357489
Ninho_t015,Ninho,51.0,66.60380604007138
Nestor_t027,Nestor,110.0,37.324977328821866
Marius_t005,Marius,63.0,51.182667072278704
Samson_t002,Samson,64.0,44.503518656104575
Ninho_t026,Ninho,72.0,62.636766454697685
Ines_t010,Ines,64.0,39.79338630110473
Gedeon_t181,Gedeon,256.0,41.87149264286786
Stanislas_t030,Stanislas,43.0,62.133889254244984
Eudes_t002,Eudes,62.0,65.94838993133006
Emilie_t102,Emilie,168.0,45.238547657160176
Gildas_t057,Gildas,163.0,46.707743936695266
Anastasia_t039,Anastasia,65.0,65.29861298059049
Alexandre_t050,Alexandre,119.0,34.894133566535274
Evan_t012,Evan,28.0,56.25797857212557
Louise_t061,Louise,144.0,47.455084809849645
Eminie_t002,Eminie,47.0,45.78882274336252
Gildas_t038,Gildas,110.0,40.974228432960544
Gedeon_t112,Gedeon,103.0,54.453248513496014
Gildas_t063,Gildas,187.0,45.07360898100107
Alexandre_t072,Alexandre,208.0,33.186961056179996
Marius_t008,Marius,64.0,51.022256127388566
Emilie_t142,Emilie,299.0,36.93147265402451
Gildas_t079,Gildas,216.0,45.12666642862895
Gedeon_t089,Gedeon,61.0,67.79399142344664
Gedeon_t178,Gedeon,244.0,42.546414545745456
Eminie_t068,Eminie,196.0,29.828638400900036
Gedeon_t088,Gedeon,61.0,67.93772407857867
Ines_t046,Ines,157.0,37.63846137571477
Come-Nodal_t021,Come-Nodal,112.0,33.3120231109168
Eudes_t007,Eudes,64.0,64.99701516758446
Ines_t016,Ines,76.0,50.760377615735685
Nestor_t052,Nestor,179.0,35.18075318463162
Ines_t024,Ines,90.0,46.06158881595316
Patrick_t022,Patrick,89.0,54.251504323835526
Gedeon_t087,Gedeon,61.0,68.1002736875501
Emilie_t131,Emilie,244.0,40.19287467888542
Emilie_t123,Emilie,216.0,42.278175563743176
Samson_t062,Samson,218.0,28.98845870905121
Patrick_t048,Patrick,137.0,47.015270947525714
Patrick_t018,Patrick,76.0,56.420922925094516
Eminie_t089,Eminie,239.0,36.816851223563845
Adriana_t046,Adriana,210.0,36.2227315119908
Nestor_t032,Nestor,112.0,40.57578920520826
Alexandre_t060,Alexandre,178.0,34.95587311718249
Ralph_t048,Ralph,212.0,46.4794360572015
Nestor_t048,Nestor,150.0,36.83059939536993
Eminie_t061,Eminie,171.0,40.7518137838564
Emilie_t033,Emilie,37.0,56.44453840191525
Eminie_t082,Eminie,217.0,38.15835117820852
Carl_t071,Carl,202.0,32.49550234544856
Gedeon_t076,Gedeon,48.0,70.32997622580287
Gedeon_t084,Gedeon,61.0,67.80620810533011
Eminie_t030,Eminie,106.0,34.004927730378405
Ninho_t018,Ninho,64.0,62.203840514166274
Louise_t011,Louise,51.0,71.00734667081862
Come-Nodal_t055,Come-Nodal,206.0,43.19900949604151
Patrick_t084,Patrick,223.0,42.327262168729256
Emilie_t017,Emilie,32.0,60.762615071764856
Alexandre_t062,Alexandre,181.0,30.53738799493555
Eminie_t031,Eminie,108.0,33.26476039822979
Eminie_t088,Eminie,227.0,37.533428842714976
Gedeon_t071,Gedeon,43.0,69.85498862987374
Gedeon_t144,Gedeon,160.0,45.36785540639912
Alexandre_t084,Alexandre,273.0,26.384100983730164
Emilie_t070,Emilie,98.0,53.372438366692975
Emilie_t034,Emilie,39.0,43.827380029173604
Eudes_t054,Eudes,237.0,43.93466251832707
Ines_t049,Ines,194.0,35.6686252621708
Anastasia_t079,Anastasia,136.0,46.98679494478619
Patrick_t083,Patrick,221.0,42.7921218783536
Gedeon_t169,Gedeon,246.0,42.29569044673006
Stanislas_t088,Stanislas,167.0,37.92172069020326
Carl_t065,Carl,187.0,32.89455598273892
Stanislas_t109,Stanislas,213.0,41.29080886139852
Adriana_t033,Adriana,171.0,32.947169729482646
Eminie_t040,Eminie,134.0,43.87188444453259
Gildas_t052,Gildas,122.0,50.3595338966739
Alexandre_t042,Alexandre,110.0,35.84669921938663
Patrick_t065,Patrick,203.0,43.05486809412277
Anastasia_t050,Anastasia,76.0,58.82168598536497
Gildas_t012,Gildas,62.0,54.929900348598686
Adriana_t040,Adriana,190.0,31.970158931562505
Marius_t080,Marius,250.0,29.921013778005058
Samson_t027,Samson,112.0,39.95728394047912
Nestor_t022,Nestor,81.0,40.89045712393835
Gedeon_t124,Gedeon,134.0,50.59979589831099
Samson_t058,Samson,217.0,29.290265918712983
Adriana_t061,Adriana,276.0,31.603612042171665
Carl_t055,Carl,138.0,36.172074919039595
Adriana_t027,Adriana,121.0,36.98073252251882
Emilie_t063,Emilie,86.0,57.35976791671359
Gildas_t068,Gildas,206.0,44.962087255561165
Gildas_t039,Gildas,110.0,40.73754599592337
Alexandre_t059,Alexandre,178.0,30.44057034704452
Nestor_t082,Nestor,267.0,27.535211808428002
Eudes_t018,Eudes,83.0,54.14767808387775
Louise_t054,Louise,126.0,50.177248974355706
Stanislas_t121,Stanislas,240.0,41.88677176905579
Gedeon_t176,Gedeon,240.0,42.388201665636885
Gildas_t089,Gildas,272.0,28.133841399087586
Come-Nodal_t015,Come-Nodal,105.0,33.95511647177225
Eminie_t016,Eminie,94.0,37.86914035381965
Adriana_t010,Adriana,108.0,39.113785945136456
Pascal_t042,Pascal,97.0,46.602572572620254
Carl_t022,Carl,65.0,48.945997783075406
Emilie_t099,Emilie,158.0,46.49633071679845
Louise_t006,Louise,40.0,79.71743851903
Samson_t055,Samson,216.0,29.196107856267435
Ralph_t049,Ralph,213.0,45.97812316830459
Eminie_t073,Eminie,210.0,38.76082813655521
Eudes_t041,Eudes,160.0,41.00568372803496
Pascal_t045,Pascal,112.0,43.6266996016354
Gedeon_t085,Gedeon,61.0,67.24246990431543
Ralph_t017,Ralph,112.0,56.04430565635852
Anastasia_t045,Anastasia,65.0,67.01618271463782
Marius_t057,Marius,187.0,33.50141416610074
Alexandre_t074,Alexandre,212.0,29.035336361802504
Eminie_t042,Eminie,131.0,33.763535232539525
Eminie_t017,Eminie,97.0,36.96296460463223
Adriana_t015,Adriana,112.0,39.07161843822083
Patrick_t071,Patrick,213.0,42.456858990282605
Samson_t004,Samson,64.0,44.87000900542704
Alexandre_t045,Alexandre,112.0,35.51250302922506
Ralph_t028,Ralph,119.0,54.476297006110975
Stanislas_t090,Stanislas,177.0,37.65549129253572
Eminie_t008,Eminie,83.0,36.378034997489664
Patrick_t047,Patrick,128.0,47.82729181156135
Nestor_t042,Nestor,121.0,38.71917730037347
Emilie_t086,Emilie,119.0,54.83754206554238
Gildas_t008,Gildas,50.0,54.81442662651723
Gildas_t024,Gildas,70.0,63.25637017571049
Patrick_t066,Patrick,204.0,42.99678374975177
Emilie_t098,Emilie,154.0,46.83583806131201
Ines_t055,Ines,206.0,35.40092802929314
Gildas_t014,Gildas,63.0,54.78229643141803
Emilie_t114,Emilie,202.0,42.93442883261543
Carl_t032,Carl,91.0,42.76018938574467
Eminie_t036,Eminie,120.0,33.58497164845613
Louise_t015,Louise,52.0,68.10601547366957
Gedeon_t073,Gedeon,44.0,70.22550473727757
Stanislas_t037,Stanislas,58.0,56.18440846053944
Adriana_t059,Adriana,236.0,33.797936381524956
Samson_t063,Samson,219.0,28.927959377711595
Stanislas_t039,Stanislas,63.0,54.545500011133555
Gildas_t080,Gildas,217.0,44.75115882375382
Emilie_t075,Emilie,110.0,53.39519802278264
Gedeon_t137,Gedeon,132.0,49.6962963594591
Gedeon_t188,Gedeon,286.0,38.79574865905506
Ralph_t012,Ralph,85.0,62.50019616390182
Carl_t038,Carl,110.0,44.26857443991135
Emilie_t091,Emilie,127.0,52.853406510807126
Eudes_t060,Eudes,260.0,42.464512676963274
Eminie_t058,Eminie,150.0,41.93343660841149
Ralph_t040,Ralph,187.0,47.82272357463721
Louise_t062,Louise,157.0,45.5376400086399
Gedeon_t099,Gedeon,65.0,61.0140239325704
Gedeon_t090,Gedeon,61.0,67.46216453903084
Carl_t047,Carl,114.0,38.92705903743367
Alexandre_t019,Alexandre,62.0,45.246484634100554
Gildas_t047,Gildas,114.0,51.80218985058432
Ines_t058,Ines,214.0,34.54282779816913
Ines_t057,Ines,211.0,34.90548388462323
Ines_t076,Ines,281.0,40.96364204884008
Come-Nodal_t018,Come-Nodal,111.0,33.205233039562394
Marius_t068,Marius,214.0,32.56410221816187
Ralph_t062,Ralph,290.0,42.119051529582684
Samson_t052,Samson,209.0,29.379426047513316
Stanislas_t119,Stanislas,225.0,43.0660218686351
Nestor_t062,Nestor,203.0,30.362381117437522
Stanislas_t083,Stanislas,125.0,37.67455752342713
Gedeon_t138,Gedeon,135.0,48.976311970668334
Stanislas_t049,Stanislas,64.0,56.69781960692538
Nestor_t029,Nestor,112.0,37.3756419466311
Adriana_t047,Adriana,214.0,35.93919323513812
Alexandre_t009,Alexandre,55.0,46.38867140389519
Carl_t054,Carl,125.0,41.03881374975392
Gedeon_t171,Gedeon,246.0,42.09945781979169
Eudes_t047,Eudes,215.0,43.79894108844761
Stanislas_t084,Stanislas,131.0,37.28290304748739
Samson_t064,Samson,221.0,28.81156421325476
Nestor_t049,Nestor,159.0,32.851554133116736
Carl_t063,Carl,185.0,32.851759984122374
Louise_t033,Louise,82.0,60.236859676508864
Ninho_t020,Ninho,67.0,62.8973668280359
Emilie_t105,Emilie,175.0,44.77931566939524
Ralph_t027,Ralph,116.0,53.86009734728928
Emilie_t065,Emilie,88.0,55.299486559443864
Ninho_t024,Ninho,70.0,62.88791130120275
Patrick_t019,Patrick,76.0,56.219837194253
Marius_t024,Marius,78.0,44.714341850864926
Samson_t041,Samson,182.0,29.83898332523108
Patrick_t033,Patrick,112.0,50.43422060005215
Come-Nodal_t077,Come-Nodal,291.0,36.62657113898057
Emilie_t010,Emilie,17.0,74.0519313049946
Anastasia_t058,Anastasia,94.0,53.25081726274506
Adriana_t030,Adriana,143.0,35.03026368329723
Carl_t050,Carl,115.0,38.75256494061423
Gedeon_t190,Gedeon,291.0,38.7435313859513
Marius_t000,Marius,46.0,54.60411119827813
Gedeon_t161,Gedeon,241.0,41.92783111042703
Emilie_t093,Emilie,134.0,50.396591192487186
Carl_t011,Carl,61.0,50.57921570633381
Gildas_t037,Gildas,110.0,52.93564984065689
Nestor_t078,Nestor,225.0,29.17780371269988
Emilie_t058,Emilie,74.0,62.416713379771664
Ralph_t016,Ralph,112.0,55.82294022745884
Eudes_t010,Eudes,65.0,63.284903990123155
Come-Nodal_t071,Come-Nodal,250.0,39.09317802258909
Emilie_t047,Emilie,60.0,50.83810054603532
Stanislas_t097,Stanislas,189.0,41.47728900786719
Ninho_t022,Ninho,68.0,64.20772018809097
Gedeon_t175,Gedeon,241.0,42.00589540681672
Eminie_t056,Eminie,138.0,33.035895484389506
Eminie_t025,Eminie,106.0,36.50448966388776
Patrick_t072,Patrick,213.0,42.29793599885585
Louise_t016,Louise,54.0,65.57348923487481
Samson_t036,Samson,128.0,39.4404438517922
Ralph_t008,Ralph,76.0,64.61523442817646
Gildas_t033,Gildas,102.0,42.16986455622146
Patrick_t043,Patrick,118.0,49.77447082888873
Nestor_t011,Nestor,64.0,47.616314302003346
Ralph_t033,Ralph,150.0,50.22275255085304
Marius_t002,Marius,53.0,52.92794968112089
Nestor_t005,Nestor,64.0,58.427418915964964
Stanislas_t062,Stanislas,104.0,44.34678046149326
Ines_t017,Ines,76.0,50.20833661942935
Louise_t059,Louise,136.0,48.65603789452581
Ninho_t030,Ninho,81.0,59.11164055055209
Eudes_t045,Eudes,209.0,43.549790044223855
Patrick_t031,Patrick,112.0,50.654639516495635
Anastasia_t083,Anastasia,153.0,44.776203887638
Carl_t075,Carl,211.0,32.19949103620785
Gildas_t043,Gildas,111.0,39.45804250916977
Gildas_t060,Gildas,181.0,44.57246086939254
Louise_t024,Louise,73.0,65.83937970006069
Alexandre_t011,Alexandre,60.0,45.589720226774226
Nestor_t043,Nestor,121.0,38.6938508400815
Stanislas_t118,Stanislas,221.0,43.40359894942937
Eminie_t004,Eminie,66.0,38.105547263055335
Ines_t068,Ines,231.0,44.01353249689839
Emilie_t089,Emilie,124.0,53.893973244899534
Louise_t056,Louise,130.0,49.92983152822967
Come-Nodal_t046,Come-Nodal,181.0,43.60437392130016
Adriana_t048,Adriana,215.0,30.84587599980233
Stanislas_t093,Stanislas,179.0,38.86946404679203
Nestor_t081,Nestor,255.0,27.88123184215005
Gedeon_t170,Gedeon,248.0,42.31001872721018
Alexandre_t075,Alexandre,213.0,28.998542228317238
Emilie_t122,Emilie,215.0,42.096771560284864
Gedeon_t168,Gedeon,245.0,42.223425648876194
Nestor_t006,Nestor,64.0,50.53089818864423
Emilie_t126,Emilie,223.0,41.71581962030707
Ralph_t032,Ralph,139.0,53.567903811346135
Emilie_t061,Emilie,83.0,59.138453036388135
Alexandre_t058,Alexandre,177.0,30.474528287853015
Come-Nodal_t033,Come-Nodal,124.0,32.124826533719634
Alexandre_t082,Alexandre,242.0,27.491353172187445
Nestor_t001,Nestor,57.0,60.49024876518141
Eudes_t030,Eudes,120.0,46.79466226428373
Adriana_t023,Adriana,116.0,37.690455471799524
Adriana_t037,Adriana,186.0,32.06130096120114
Marius_t044,Marius,118.0,38.446482473440426
Marius_t009,Marius,64.0,51.06868065389497
Ines_t008,Ines,64.0,57.01114352966468
Gedeon_t125,Gedeon,132.0,51.204343205113325
Gedeon_t115,Gedeon,105.0,55.806555855206256
Gedeon_t150,Gedeon,198.0,42.661946055431166
Marius_t062,Marius,201.0,32.82591734509002
Louise_t020,Louise,71.0,65.73874234261089
Gedeon_t153,Gedeon,218.0,41.69483405876452
Gedeon_t101,Gedeon,68.0,58.8704702403012
Alexandre_t073,Alexandre,212.0,29.049300690840997
Anastasia_t052,Anastasia,76.0,57.521396174002206
Gildas_t003,Gildas,43.0,57.20340839431698
Carl_t004,Carl,43.0,54.88299851247454
Gedeon_t069,Gedeon,42.0,68.69214402449342
Gedeon_t139,Gedeon,143.0,48.02899513057381
Eminie_t081,Eminie,217.0,38.06992881239731
Nestor_t050,Nestor,168.0,32.27527299529198
Gildas_t083,Gildas,217.0,44.41457050979334
Patrick_t068,Patrick,207.0,42.98502666992708
Alexandre_t069,Alexandre,204.0,29.47604224405677
Louise_t038,Louise,91.0,57.28815682493342
Come-Nodal_t008,Come-Nodal,66.0,34.912175056725935
Carl_t062,Carl,184.0,32.90935807841156
Nestor_t013,Nestor,66.0,47.08242785246195
Stanislas_t117,Stanislas,218.0,43.51579134094175
Eudes_t025,Eudes,116.0,48.590203915241105
Adriana_t060,Adriana,256.0,28.62479002997656
Carl_t046,Carl,114.0,42.45755249482637
Come-Nodal_t051,Come-Nodal,200.0,43.034386615863205
Eminie_t032,Eminie,104.0,34.16849413118872
Ines_t066,Ines,230.0,43.46144075285406
Eminie_t050,Eminie,124.0,35.031133373096225
Stanislas_t011,Stanislas,24.0,70.81894097353245
Eudes_t011,Eudes,66.0,61.888955689819696
Adriana_t009,Adriana,104.0,39.49734626140113
Gildas_t069,Gildas,208.0,32.59863954058514
Alexandre_t070,Alexandre,207.0,29.327332395391885
Patrick_t039,Patrick,116.0,48.99565335330309
Gildas_t085,Gildas,221.0,44.39587605931931
Gedeon_t121,Gedeon,127.0,51.978362206479716
Eudes_t036,Eudes,131.0,50.15985754958186
Come-Nodal_t052,Come-Nodal,201.0,43.17049773673983
Gedeon_t146,Gedeon,171.0,44.14327622464922
Stanislas_t106,Stanislas,213.0,42.277510299733564
Carl_t076,Carl,213.0,32.15033806241192
Patrick_t030,Patrick,112.0,50.80083837245981
Alexandre_t067,Alexandre,203.0,29.517373373898288
Emilie_t027,Emilie,32.0,64.47164326080892
Nestor_t034,Nestor,113.0,40.38257570818468
Patrick_t076,Patrick,218.0,42.51336885951471
Ines_t014,Ines,64.0,49.806321805353335
Nestor_t035,Nestor,113.0,40.120156816351866
Ines_t039,Ines,130.0,40.36852127815614
Eudes_t014,Eudes,77.0,56.190861900357426
Alexandre_t079,Alexandre,217.0,28.692948559793944
Carl_t041,Carl,111.0,43.58719468900171
Carl_t018,Carl,64.0,49.68588721989715
Marius_t034,Marius,111.0,39.774004472748445
Stanislas_t052,Stanislas,69.0,53.10044484382299
Patrick_t016,Patrick,76.0,57.563164589014974
Eminie_t035,Eminie,115.0,33.84831570045816
Eminie_t039,Eminie,130.0,34.116800815707236
Gedeon_t098,Gedeon,63.0,62.06741082029424
Eudes_t005,Eudes,64.0,65.55834220534899
Eudes_t022,Eudes,113.0,48.10710847933852
Nestor_t031,Nestor,112.0,40.81752911424632
Adriana_t042,Adriana,197.0,31.660033890555145
Louise_t025,Louise,73.0,65.72186401130341
Nestor_t051,Nestor,174.0,35.627185851000206
Come-Nodal_t010,Come-Nodal,68.0,34.11611525159315
Eudes_t028,Eudes,119.0,47.62130887208861
Come-Nodal_t023,Come-Nodal,112.0,33.03572145066898
Eudes_t000,Eudes,58.0,72.44561693649413
Adriana_t014,Adriana,112.0,39.13595263552604
Gedeon_t116,Gedeon,106.0,55.929909472677714
Marius_t054,Marius,182.0,33.53519264687919
Gedeon_t129,Gedeon,134.0,50.76345250502397
Alexandre_t041,Alexandre,110.0,35.9403020747767
Evan_t017,Evan,39.0,49.66978972724136
Ralph_t025,Ralph,115.0,52.863117727487634
Samson_t001,Samson,64.0,44.48933884369212
Stanislas_t019,Stanislas,32.0,71.70007138102702
Eminie_t080,Eminie,215.0,29.13717772250954
Samson_t050,Samson,202.0,29.609702597127914
Emilie_t041,Emilie,56.0,47.64300631726888
Emilie_t111,Emilie,195.0,43.62659795357384
Eminie_t014,Eminie,94.0,37.237319812535624
Come-Nodal_t062,Come-Nodal,218.0,41.94566260793137
Ninho_t025,Ninho,71.0,62.51213858861966
Louise_t051,Louise,120.0,51.82237566954168
Eminie_t067,Eminie,197.0,29.764811182889048
Anastasia_t070,Anastasia,116.0,51.69431320431639
Anastasia_t034,Anastasia,61.0,64.64264244703287
Samson_t003,Samson,64.0,44.76892850056971
Gildas_t049,Gildas,116.0,51.254325084764545
Nestor_t084,Nestor,289.0,26.768569677471657
Stanislas_t010,Stanislas,24.0,64.09670819207025
Eminie_t051,Eminie,125.0,34.74281626499873
Come-Nodal_t037,Come-Nodal,155.0,46.29752081055976
Come-Nodal_t022,Come-Nodal,112.0,33.24370811816412
Gedeon_t079,Gedeon,55.0,68.2240587255934
Patrick_t008,Patrick,64.0,68.39670547553874
Pascal_t046,Pascal,114.0,43.93844470133752
Anastasia_t037,Anastasia,65.0,65.14971754542171
Alexandre_t008,Alexandre,53.0,46.58006580674816
Stanislas_t031,Stanislas,43.0,64.23530942651642
Ralph_t035,Ralph,173.0,49.008463006336754
Marius_t051,Marius,172.0,33.903230142162585
Stanislas_t111,Stanislas,215.0,40.753152220080935
Evan_t042,Evan,90.0,38.429480462998754
Eudes_t008,Eudes,64.0,64.24217836760869
Samson_t012,Samson,76.0,41.380118845669216
Stanislas_t009,Stanislas,22.0,66.65591596675198
Marius_t041,Marius,112.0,39.12716795608838
Emilie_t069,Emilie,95.0,53.67247500980722
Samson_t048,Samson,200.0,35.98985811990845
Gedeon_t152,Gedeon,213.0,41.913417586252116
Gildas_t029,Gildas,76.0,58.30329440978956
Emilie_t141,Emilie,295.0,37.140975774625986
Louise_t008,Louise,40.0,79.315598451378
Louise_t029,Louise,76.0,64.81685096719387
Gildas_t009,Gildas,52.0,71.19058022554663
Alexandre_t071,Alexandre,208.0,29.29891843213879
Emilie_t073,Emilie,107.0,52.76221321578062
Patrick_t009,Patrick,64.0,67.88989000531342
Stanislas_t099,Stanislas,197.0,44.25122015966335
Come-Nodal_t049,Come-Nodal,194.0,43.36331696304725
Gedeon_t136,Gedeon,134.0,49.82757768941013
Emilie_t092,Emilie,130.0,51.92474360512083
Alexandre_t031,Alexandre,89.0,39.336760427626395
Stanislas_t065,Stanislas,110.0,44.21237838292705
Eminie_t078,Eminie,214.0,38.216364920249084
Ralph_t001,Ralph,65.0,67.96933514407955
Stanislas_t022,Stanislas,32.0,72.29950677305845
Ines_t021,Ines,78.0,48.303435511281734
Pascal_t032,Pascal,53.0,52.282162617855676
Nestor_t008,Nestor,64.0,57.931564809410574
Patrick_t053,Patrick,181.0,43.25084380010031
Alexandre_t038,Alexandre,110.0,36.3228464533463
Nestor_t037,Nestor,116.0,39.340306560342334
Eudes_t042,Eudes,172.0,46.5521401202606
Stanislas_t046,Stanislas,64.0,57.33980439914618
Ines_t020,Ines,78.0,48.63762145321761
Emilie_t022,Emilie,32.0,63.58595001016654
Gedeon_t128,Gedeon,133.0,51.243023279468346
Eminie_t018,Eminie,103.0,36.15378533593163
Ralph_t009,Ralph,76.0,65.06525150614242
Emilie_t100,Emilie,160.0,46.05113637577703
Louise_t066,Louise,217.0,41.487599311722974
Patrick_t014,Patrick,76.0,58.89136441458552
Adriana_t041,Adriana,194.0,31.870753508086345
Gildas_t072,Gildas,211.0,44.53282167103285
Stanislas_t081,Stanislas,119.0,42.14488938884568
Emilie_t053,Emilie,61.0,50.21480613350213
Gedeon_t127,Gedeon,135.0,50.63184129783881
Stanislas_t098,Stanislas,192.0,41.714236568837435
Gedeon_t148,Gedeon,179.0,43.858888973482784
Ines_t053,Ines,205.0,35.58426781449038
Carl_t023,Carl,69.0,52.631788497275394
Emilie_t087,Emilie,120.0,54.81173499316029
Patrick_t020,Patrick,76.0,56.41366806046856
Emilie_t060,Emilie,80.0,59.34201290967316
Gedeon_t107,Gedeon,96.0,54.141884012131406
Evan_t013,Evan,33.0,52.364133577652645
Pascal_t040,Pascal,91.0,45.730018484854355
Emilie_t128,Emilie,228.0,41.726399031641776
Adriana_t002,Adriana,73.0,64.53920805963386
Samson_t021,Samson,112.0,35.63704829167015
Stanislas_t113,Stanislas,215.0,40.611820934940624
Emilie_t077,Emilie,110.0,53.87028747481032
Carl_t052,Carl,118.0,38.56346702599927
Patrick_t085,Patrick,226.0,41.96743263521083
Patrick_t026,Patrick,112.0,50.56899034116849
Patrick_t051,Patrick,162.0,44.855092531474334
Evan_t008,Evan,24.0,56.695739103205845
Patrick_t004,Patrick,64.0,68.1408813877233
Alexandre_t015,Alexandre,61.0,53.09762417356793
Come-Nodal_t012,Come-Nodal,80.0,32.48729764057973
Emilie_t134,Emilie,255.0,39.248558429492256
Carl_t017,Carl,64.0,49.76850814352914
Gildas_t073,Gildas,212.0,44.73841966488783
Patrick_t036,Patrick,112.0,49.693801628141195
Emilie_t078,Emilie,110.0,54.750057503304305
Samson_t053,Samson,213.0,29.193712196989654
Marius_t012,Marius,64.0,51.23322270780926
Emilie_t024,Emilie,32.0,64.98157919074643
Ines_t033,Ines,119.0,41.79769396537934
Louise_t042,Louise,115.0,53.049221791325714
Eudes_t013,Eudes,75.0,57.18085073129088
Ines_t000,Ines,47.0,62.031144751936345
Gildas_t059,Gildas,179.0,44.50359965788932
Carl_t048,Carl,114.0,42.78798658062986
Eminie_t069,Eminie,199.0,29.658591839243808
Anastasia_t051,Anastasia,76.0,57.924542702151555
Samson_t047,Samson,197.0,29.66078513914659
Marius_t059,Marius,192.0,33.01671339471941
Emilie_t035,Emilie,42.0,52.48871186153188
Samson_t033,Samson,117.0,39.15779757072994
Gedeon_t140,Gedeon,145.0,48.47468183743786
Gedeon_t106,Gedeon,93.0,54.481097772475735
Emilie_t051,Emilie,61.0,50.21263546343262
Gedeon_t118,Gedeon,112.0,55.00853609651837
Eminie_t074,Eminie,212.0,38.29618979705737
Carl_t015,Carl,64.0,50.1220531300597
Marius_t064,Marius,207.0,32.62386599936609
Gildas_t054,Gildas,133.0,48.955104581099604
Emilie_t050,Emilie,60.0,50.32754797694832
Gildas_t017,Gildas,64.0,54.42629981639758
Anastasia_t073,Anastasia,122.0,50.23530883821151
Gildas_t007,Gildas,47.0,55.57269222510539
Stanislas_t114,Stanislas,215.0,44.078793865615715
Come-Nodal_t013,Come-Nodal,89.0,31.617780244985667
Anastasia_t049,Anastasia,76.0,59.79107838633784
Gildas_t011,Gildas,62.0,69.15611460295072
Patrick_t013,Patrick,72.0,61.89400472946769
Louise_t034,Louise,82.0,59.091185779093095
Nestor_t046,Nestor,133.0,37.73231535502984
Eudes_t051,Eudes,221.0,42.82085948381431
Patrick_t003,Patrick,64.0,67.88323765010188
Alexandre_t081,Alexandre,232.0,27.89764160806439
Patrick_t006,Patrick,64.0,68.34162608547734
Stanislas_t035,Stanislas,46.0,60.03357642805452
Gedeon_t070,Gedeon,43.0,68.84912179041515
Pascal_t050,Pascal,153.0,39.93775436303562
Nestor_t044,Nestor,122.0,38.714912410434714
Alexandre_t032,Alexandre,95.0,38.49462794068858
Gedeon_t163,Gedeon,243.0,42.05585997781666
Stanislas_t042,Stanislas,64.0,56.29273167852932
Eminie_t075,Eminie,213.0,29.229892411917174
Samson_t006,Samson,64.0,44.81163024714765
Patrick_t075,Patrick,217.0,42.5317639075244
Pascal_t035,Pascal,71.0,50.64546781991401
Nestor_t057,Nestor,188.0,31.251907736666706
Pascal_t031,Pascal,48.0,56.44005451033877
Patrick_t045,Patrick,122.0,49.051713608130015
Nestor_t023,Nestor,86.0,40.12456296352594
Marius_t083,Marius,288.0,28.41391152437141
Emilie_t049,Emilie,60.0,50.00036916766625
Alexandre_t036,Alexandre,108.0,36.72200635481958
Marius_t074,Marius,215.0,32.12692931657018
Nestor_t068,Nestor,212.0,30.073339405622015
Stanislas_t012,Stanislas,24.0,73.7806130291313
Patrick_t035,Patrick,112.0,49.8455180551169
Marius_t049,Marius,142.0,36.34960693957012
Gildas_t076,Gildas,215.0,45.035808004118145
Alexandre_t020,Alexandre,62.0,45.31692415114936
Evan_t023,Evan,45.0,47.25645362856068
Come-Nodal_t004,Come-Nodal,65.0,42.10694840855593
Marius_t016,Marius,64.0,50.58785403737414
Eminie_t083,Eminie,218.0,38.10367333867001
Nestor_t070,Nestor,214.0,30.063047746074254
Carl_t082,Carl,217.0,31.969276796641182
Ralph_t051,Ralph,215.0,46.5606207333229
Adriana_t038,Adriana,188.0,31.929430140708277
Stanislas_t058,Stanislas,76.0,48.57385650279921
Anastasia_t031,Anastasia,47.0,68.44049364257326
Stanislas_t072,Stanislas,111.0,44.312164986079104
Anastasia_t053,Anastasia,76.0,57.09260867628001
Come-Nodal_t073,Come-Nodal,257.0,38.858310925002584
Gildas_t026,Gildas,74.0,60.31806652107256
Alexandre_t064,Alexandre,189.0,30.18548699791826
Patrick_t040,Patrick,117.0,49.229563760237454
Adriana_t012,Adriana,112.0,38.8289461709275
Evan_t027,Evan,57.0,44.29594510493111
Adriana_t025,Adriana,116.0,37.46458325893503
Come-Nodal_t029,Come-Nodal,115.0,32.92625595846226
Samson_t010,Samson,70.0,43.176404992088976
Eminie_t026,Eminie,105.0,36.27137446311126
Patrick_t070,Patrick,211.0,42.53072093136084
Gedeon_t066,Gedeon,34.0,78.85856264205312
Nestor_t017,Nestor,76.0,43.32479190568787
Evan_t043,Evan,94.0,37.606047944177185
Gedeon_t086,Gedeon,61.0,67.70969847380852
Adriana_t049,Adriana,214.0,30.913859406807884
Gedeon_t091,Gedeon,62.0,66.90791729054429
Eminie_t076,Eminie,213.0,38.48160853146615
Ines_t029,Ines,116.0,42.61231828321889
Carl_t029,Carl,75.0,45.191735563049946
Eminie_t011,Eminie,95.0,35.12626504316854
Gildas_t028,Gildas,76.0,58.59105726065372
Alexandre_t035,Alexandre,107.0,36.910524177477875
Marius_t030,Marius,111.0,39.808181826259144
Louise_t019,Louise,70.0,65.97763284102786
Samson_t013,Samson,76.0,41.17572780767055
Pascal_t030,Pascal,43.0,59.207015994594755
Marius_t010,Marius,64.0,51.25361456272701
Eudes_t003,Eudes,63.0,66.03787227844683
Nestor_t072,Nestor,214.0,30.115584168747407
Gedeon_t182,Gedeon,261.0,41.577537524442036
Gedeon_t131,Gedeon,132.0,50.92275676763639
Marius_t079,Marius,242.0,30.358418808869107
Come-Nodal_t026,Come-Nodal,112.0,32.97886492772827
Emilie_t048,Emilie,60.0,50.667219691465355
Alexandre_t029,Alexandre,84.0,40.81866130247978
Alexandre_t016,Alexandre,61.0,45.28003971191798
Marius_t035,Marius,111.0,39.78239542188471
Emilie_t139,Emilie,276.0,37.68850675746342
Alexandre_t039,Alexandre,110.0,36.39912387883954
Louise_t037,Louise,85.0,59.0103614770143
Eudes_t033,Eudes,125.0,52.50689139657056
Alexandre_t043,Alexandre,111.0,35.670055221451356
Adriana_t057,Adriana,219.0,35.74721512493411
Anastasia_t028,Anastasia,43.0,72.15611150378412
Eminie_t090,Eminie,248.0,36.272673103732636
Stanislas_t069,Stanislas,111.0,44.64843071524791
Ralph_t037,Ralph,181.0,48.602876672669495
Marius_t045,Marius,123.0,37.96053968557973
Marius_t006,Marius,64.0,50.953854479097856
Stanislas_t094,Stanislas,181.0,41.855153195259724
Alexandre_t077,Alexandre,213.0,28.9619272669632
Ralph_t010,Ralph,76.0,64.38250392441643
Eminie_t054,Eminie,132.0,44.40447127772932
Evan_t019,Evan,39.0,50.20669680137097
Evan_t026,Evan,56.0,44.7155248046187
Gedeon_t113,Gedeon,104.0,55.22000992268491
Samson_t031,Samson,116.0,39.26040910807178
Come-Nodal_t032,Come-Nodal,124.0,29.41590110631039
Come-Nodal_t053,Come-Nodal,204.0,42.9983480250104
Alexandre_t025,Alexandre,71.0,42.40017863264024
Alexandre_t002,Alexandre,43.0,48.56749092154686
Emilie_t125,Emilie,221.0,41.76468945043972
Gedeon_t100,Gedeon,66.0,59.62046505987611
Stanislas_t063,Stanislas,110.0,43.57735637334638
Stanislas_t091,Stanislas,178.0,37.71011529248809
Gildas_t078,Gildas,216.0,45.003780088006266
Louise_t057,Louise,132.0,49.70996955930452
Nestor_t085,Nestor,299.0,26.433600200031517
Stanislas_t043,Stanislas,64.0,56.10428902384052
Carl_t030,Carl,80.0,44.011210566293855
Come-Nodal_t009,Come-Nodal,67.0,34.41463726917452
Anastasia_t061,Anastasia,109.0,50.70807202810435
Samson_t049,Samson,201.0,29.672796860896298
Nestor_t058,Nestor,188.0,31.19607932185149
Adriana_t044,Adriana,204.0,31.384244118809466
Patrick_t015,Patrick,76.0,58.06302486515773
Louise_t027,Louise,74.0,65.3593536956488
Marius_t075,Marius,215.0,32.17999775899275
Eminie_t097,Eminie,299.0,33.381656433763865
Alexandre_t018,Alexandre,62.0,45.022436271595765
Ralph_t011,Ralph,77.0,64.52654886509545
Eudes_t058,Eudes,253.0,42.96195734176612
Nestor_t025,Nestor,99.0,38.574212699663434
Nestor_t021,Nestor,78.0,41.71105969779455
Eminie_t027,Eminie,105.0,35.28922327434855
Emilie_t037,Emilie,50.0,40.50118255399761
Ralph_t013,Ralph,90.0,61.562766462153895
Louise_t067,Louise,227.0,41.394141952678446
Gedeon_t167,Gedeon,242.0,42.049675440997774
Samson_t065,Samson,228.0,28.35501308471813
Patrick_t091,Patrick,294.0,36.42134859999296
Emilie_t068,Emilie,93.0,54.232779496479324
Evan_t020,Evan,39.0,50.07443727679217
Ines_t051,Ines,200.0,35.71712607457327
Marius_t043,Marius,117.0,38.42670811876789
Louise_t039,Louise,98.0,55.97466521122745
Eminie_t091,Eminie,261.0,35.559467344349216
Eminie_t093,Eminie,276.0,34.16955910669466
Come-Nodal_t025,Come-Nodal,112.0,32.91714601164651
Pascal_t041,Pascal,97.0,46.73891897180331
Gedeon_t114,Gedeon,104.0,55.30227874128249
Gildas_t067,Gildas,204.0,32.661841518619575
Marius_t061,Marius,199.0,32.84148282979422
Carl_t077,Carl,213.0,32.24216035789423
Evan_t040,Evan,87.0,39.088450535228716
Patrick_t032,Patrick,112.0,50.75149038640853
Come-Nodal_t003,Come-Nodal,65.0,42.371272767287806
Come-Nodal_t019,Come-Nodal,111.0,29.97522893033489
Gedeon_t082,Gedeon,58.0,68.61094544271202
Emilie_t130,Emilie,237.0,40.630722240777935
Louise_t052,Louise,121.0,51.13388140217779
Come-Nodal_t070,Come-Nodal,248.0,38.85704213863945
Adriana_t052,Adriana,215.0,35.95582610065404
Stanislas_t018,Stanislas,32.0,72.27070767064635
Eminie_t028,Eminie,101.0,35.77353158298627
Carl_t042,Carl,111.0,43.45752352822382
Gedeon_t183,Gedeon,262.0,41.19005018862985
Emilie_t097,Emilie,150.0,47.13612977714844
Marius_t081,Marius,261.0,29.603228697817126
Stanislas_t122,Stanislas,248.0,40.95857322096887
Marius_t056,Marius,186.0,33.5746244549474
Stanislas_t036,Stanislas,48.0,59.59235000203342
Ines_t012,Ines,65.0,56.43323739016607
Stanislas_t034,Stanislas,45.0,60.02989837036518
Alexandre_t063,Alexandre,185.0,30.395076276595105
Ralph_t054,Ralph,215.0,45.99146338955104
Stanislas_t105,Stanislas,209.0,42.31846656461292
Gildas_t075,Gildas,214.0,31.81365608323244
Nestor_t038,Nestor,117.0,38.978521217252656
Stanislas_t101,Stanislas,201.0,43.676963791507056
Evan_t044,Evan,102.0,36.60163605443569
Nestor_t007,Nestor,64.0,58.234433197904885
Alexandre_t010,Alexandre,60.0,45.369255575561645
Stanislas_t076,Stanislas,114.0,43.74454324199472
Evan_t037,Evan,82.0,39.94595688558234
Come-Nodal_t031,Come-Nodal,122.0,32.33850320753781
Alexandre_t012,Alexandre,60.0,45.52170495945907
Evan_t030,Evan,58.0,43.91231081034452
Marius_t040,Marius,111.0,39.29340202071009
Nestor_t064,Nestor,207.0,30.231907309643375
Ines_t043,Ines,137.0,49.70840661525689
Gedeon_t142,Gedeon,156.0,46.54370916851611
Nestor_t059,Nestor,190.0,31.068516220297994
Nestor_t019,Nestor,76.0,42.99158751991943
Samson_t032,Samson,116.0,39.20450147924795
Alexandre_t004,Alexandre,44.0,48.46490834988042
Ralph_t020,Ralph,112.0,55.5233771124469
Stanislas_t085,Stanislas,137.0,40.46627502183418
Louise_t026,Louise,74.0,65.28051007231895
Patrick_t054,Patrick,182.0,43.46026606553173
Ralph_t042,Ralph,193.0,47.43371672857659
Ines_t003,Ines,58.0,59.092412618507915
Alexandre_t049,Alexandre,116.0,35.186552038769804
Gedeon_t174,Gedeon,243.0,41.77449481874338
Ninho_t032,Ninho,87.0,55.72391487117334
Ines_t074,Ines,256.0,42.530718248891375
Gedeon_t132,Gedeon,130.0,51.29035765187942
Emilie_t095,Emilie,140.0,49.25956780794739
Ralph_t045,Ralph,206.0,46.68271626201168
Patrick_t064,Patrick,201.0,43.309171402454844
Anastasia_t074,Anastasia,126.0,49.06975526469314
Emilie_t044,Emilie,58.0,40.34428544199949
Emilie_t096,Emilie,143.0,48.626949401408446
Come-Nodal_t002,Come-Nodal,65.0,35.87133570120459
Anastasia_t067,Anastasia,114.0,51.998419565183674
Come-Nodal_t043,Come-Nodal,175.0,43.867553425016666
Eminie_t096,Eminie,295.0,33.60827833491119
Eudes_t015,Eudes,78.0,55.20552057718242
Eminie_t009,Eminie,92.0,35.25317725679966
Alexandre_t052,Alexandre,134.0,33.6512158334402
Marius_t042,Marius,116.0,38.569249781192006
Emilie_t014,Emilie,26.0,65.14608811626547
Evan_t045,Evan,106.0,35.93024740348418
Alexandre_t078,Alexandre,214.0,28.907823848565343
Ines_t063,Ines,228.0,42.846854902943264
Gedeon_t162,Gedeon,241.0,42.266067852993196
Anastasia_t086,Anastasia,174.0,42.55576074651667
Carl_t060,Carl,176.0,33.342784611955196
Eminie_t037,Eminie,121.0,34.00860977617476
Nestor_t075,Nestor,215.0,29.892572694931477
Marius_t021,Marius,76.0,45.24009260808114
Ines_t067,Ines,230.0,43.772419235053
Patrick_t007,Patrick,64.0,67.68572631656386
Gildas_t058,Gildas,171.0,45.91961897563053
Come-Nodal_t058,Come-Nodal,213.0,42.41811915692985
Pascal_t036,Pascal,73.0,51.005006421162435
Ines_t065,Ines,230.0,43.22992999879942
Ralph_t015,Ralph,110.0,55.92669955670011
Louise_t017,Louise,60.0,63.960991268818525
Anastasia_t047,Anastasia,69.0,65.08847267666266
Gildas_t086,Gildas,230.0,43.386299020418654
Stanislas_t032,Stanislas,44.0,62.584034084306175
Ines_t060,Ines,217.0,34.59474328136412
Anastasia_t044,Anastasia,65.0,66.15901713489066
Louise_t048,Louise,117.0,52.03695103698894
Ralph_t039,Ralph,185.0,48.34313058588453
Emilie_t104,Emilie,173.0,44.66454706965561
Stanislas_t089,Stanislas,174.0,37.52179400394233
Anastasia_t010,Anastasia,33.0,79.9327462852868
Carl_t034,Carl,100.0,41.512711633204106
Gedeon_t184,Gedeon,267.0,40.81914576643398
Alexandre_t048,Alexandre,114.0,35.25107716707148
Come-Nodal_t069,Come-Nodal,238.0,39.591114566321494
Emilie_t115,Emilie,202.0,42.83298093926124
Samson_t057,Samson,217.0,29.268357573586258
Alexandre_t037,Alexandre,109.0,36.48759720331836
Samson_t042,Samson,183.0,29.945247713355478
Stanislas_t013,Stanislas,31.0,67.79680763282722
Alexandre_t080,Alexandre,223.0,28.411716636088727
Nestor_t069,Nestor,213.0,30.05530665630557
Evan_t001,Evan,17.0,63.4460891808127
Nestor_t009,Nestor,64.0,57.489262198528024
Gedeon_t093,Gedeon,62.0,66.67744385087978
Evan_t006,Evan,21.0,59.846507946899735
Samson_t029,Samson,113.0,39.58079805075824
Stanislas_t014,Stanislas,32.0,68.36457538365607
Carl_t057,Carl,161.0,34.21474351058178
Gedeon_t160,Gedeon,235.0,41.95648463092697
Marius_t063,Marius,205.0,32.6062083212185
Ines_t035,Ines,123.0,41.29907914925607
Adriana_t006,Adriana,76.0,65.29951147878567
Carl_t009,Carl,56.0,51.198144983668
Eudes_t004,Eudes,64.0,65.3826362510355
Emilie_t112,Emilie,197.0,43.445462065681575
Patrick_t034,Patrick,112.0,50.16688254861794
Anastasia_t040,Anastasia,65.0,65.24681417122733
Patrick_t023,Patrick,101.0,52.4289608535343
Adriana_t035,Adriana,182.0,32.39237786998291
Samson_t016,Samson,79.0,40.32715509350111
Stanislas_t057,Stanislas,75.0,48.66131368391116
Gildas_t002,Gildas,43.0,73.94807713966
Stanislas_t051,Stanislas,65.0,56.003323264140825
Come-Nodal_t000,Come-Nodal,65.0,42.851695259975955
Carl_t056,Carl,149.0,38.639433122000455
Louise_t050,Louise,119.0,52.05018292749369
Carl_t043,Carl,111.0,43.3063579833174
Emilie_t119,Emilie,206.0,42.55349476769381
Nestor_t067,Nestor,211.0,30.191828081123006
Ines_t070,Ines,233.0,43.820109643295446
Gildas_t070,Gildas,209.0,32.75443719165437
Gildas_t040,Gildas,111.0,39.32410389610039
Carl_t020,Carl,64.0,49.44820779814604
Emilie_t043,Emilie,57.0,49.165093327883554
Nestor_t028,Nestor,110.0,37.63656972570486
Nestor_t061,Nestor,196.0,30.871440190594765
Nestor_t054,Nestor,184.0,31.503912975349472
Nestor_t066,Nestor,210.0,30.167125395262815
Samson_t026,Samson,112.0,40.00356948450394
Ralph_t005,Ralph,66.0,68.97511531575327
Gedeon_t149,Gedeon,187.0,43.414329825936996
Gildas_t019,Gildas,64.0,54.3119329402933
Gildas_t015,Gildas,64.0,54.19062875619183
Emilie_t074,Emilie,108.0,53.1311498003052
Come-Nodal_t060,Come-Nodal,215.0,42.19169739663302
Stanislas_t015,Stanislas,32.0,69.84104827707225
Patrick_t011,Patrick,66.0,65.76578335229141
Emilie_t011,Emilie,19.0,56.834058643435796
Louise_t060,Louise,137.0,48.30006214476698
Patrick_t050,Patrick,160.0,44.59742697344542
Adriana_t045,Adriana,209.0,31.127239046042657
Carl_t028,Carl,75.0,44.93122992924328
Ninho_t011,Ninho,44.0,70.59413246436436
Marius_t033,Marius,111.0,39.8306364443269
Gildas_t032,Gildas,92.0,43.26963475915643
Patrick_t038,Patrick,116.0,48.84107230261044
Ines_t059,Ines,217.0,34.383353020183904
Marius_t019,Marius,72.0,47.12768058348205
Ralph_t056,Ralph,217.0,45.83534161887183
Nestor_t020,Nestor,76.0,47.16578322727628
Samson_t067,Samson,263.0,26.543104995762523
Eminie_t022,Eminie,101.0,36.514930438251774
Emilie_t019,Emilie,32.0,62.326479924247266
Nestor_t033,Nestor,112.0,40.411289570497736
Alexandre_t013,Alexandre,61.0,45.29039849786448
Emilie_t106,Emilie,178.0,44.867238020387404
Ralph_t002,Ralph,64.0,69.34507256723695
Evan_t039,Evan,85.0,39.36697535745531
Emilie_t040,Emilie,54.0,40.19259891603064
Samson_t034,Samson,118.0,39.092192584489894
Gedeon_t151,Gedeon,206.0,42.579135068959125
Samson_t017,Samson,85.0,39.23827356559476
Emilie_t108,Emilie,185.0,44.260454951936886
Eudes_t057,Eudes,248.0,43.01574792278696
Marius_t022,Marius,76.0,45.15718982773099
Marius_t076,Marius,217.0,31.829597095077453
Pascal_t038,Pascal,85.0,49.155398934733796
Eminie_t015,Eminie,92.0,37.473182997084294
Alexandre_t068,Alexandre,204.0,29.51498719183734
Nestor_t030,Nestor,112.0,41.331613602556516
Ines_t047,Ines,177.0,36.51899358718089
Louise_t031,Louise,76.0,63.45439529231908
Come-Nodal_t011,Come-Nodal,70.0,39.01811766674037
Patrick_t021,Patrick,79.0,56.52735959558586
Anastasia_t087,Anastasia,181.0,41.82412450077839
Eudes_t009,Eudes,64.0,63.48193778830452
Emilie_t021,Emilie,32.0,63.041708711880815
Evan_t004,Evan,17.0,62.77750574638566
Eudes_t034,Eudes,130.0,50.934606988221475
Stanislas_t033,Stanislas,44.0,61.9633132239917
Alexandre_t007,Alexandre,50.0,47.40249830681812
Anastasia_t054,Anastasia,77.0,56.61766019614552
Marius_t031,Marius,111.0,39.775828295668035
Stanislas_t092,Stanislas,178.0,38.12081848011617
Gildas_t020,Gildas,64.0,54.12805565714164
Eudes_t017,Eudes,78.0,54.736535466084156
Come-Nodal_t036,Come-Nodal,149.0,29.603386978056353
Gedeon_t105,Gedeon,89.0,54.01759517260425
Eudes_t038,Eudes,133.0,43.71198415284032
Emilie_t084,Emilie,117.0,55.01163057405162
Ralph_t057,Ralph,220.0,45.27268316522096
Stanislas_t074,Stanislas,111.0,44.745840720363674
Carl_t031,Carl,83.0,44.051077258153505
Ines_t019,Ines,78.0,48.96736825283797
Emilie_t007,Emilie,16.0,75.4625886222936
Ines_t023,Ines,78.0,48.09721060882599
Ninho_t023,Ninho,68.0,63.57881737163925
Stanislas_t023,Stanislas,33.0,69.35139616847148
Nestor_t000,Nestor,60.0,57.44897040396449
Alexandre_t061,Alexandre,178.0,30.600919448957264
Gedeon_t154,Gedeon,223.0,41.24045830755202
Emilie_t020,Emilie,32.0,62.471794384558684
Gedeon_t159,Gedeon,231.0,41.86566968908859
Emilie_t133,Emilie,252.0,39.59829978425125
Nestor_t074,Nestor,214.0,30.06422047266808
Anastasia_t026,Anastasia,41.0,77.49389111740571
Adriana_t032,Adriana,169.0,32.996807493919796
Gildas_t066,Gildas,200.0,32.808710363470624
Come-Nodal_t034,Come-Nodal,126.0,49.558171616774
Come-Nodal_t039,Come-Nodal,171.0,42.41251981003371
Ralph_t038,Ralph,182.0,48.507800532549254
Stanislas_t086,Stanislas,148.0,39.05734000052221
Nestor_t073,Nestor,214.0,30.189419854588948
Gildas_t027,Gildas,74.0,59.78981237766154
Gedeon_t108,Gedeon,97.0,54.05013182258402
Ralph_t024,Ralph,113.0,52.73804679541887
Emilie_t071,Emilie,102.0,52.846346343179576
Ralph_t034,Ralph,161.0,49.61191406975837
Gedeon_t072,Gedeon,44.0,69.77010409026705
Carl_t081,Carl,215.0,32.15835232888463
Emilie_t107,Emilie,179.0,45.0361091826207
Adriana_t017,Adriana,112.0,39.05312007302228
Eminie_t066,Eminie,197.0,29.703467427895244
Samson_t015,Samson,76.0,41.04360084451324
Ines_t037,Ines,126.0,41.05575941107689
Eudes_t056,Eudes,243.0,43.553341604158796
Emilie_t016,Emilie,31.0,60.30550210380607
Eminie_t060,Eminie,163.0,41.06875581908869
Gedeon_t095,Gedeon,63.0,64.73863629847779
Ninho_t019,Ninho,65.0,62.99636234909527
Ines_t064,Ines,229.0,34.21962231685898
Come-Nodal_t074,Come-Nodal,264.0,38.582361419808464
Pascal_t044,Pascal,106.0,44.94669658046661
Samson_t011,Samson,75.0,41.740596624704125
